118.74832153320312,126.0
135.02645874023438,140.0
262.1037292480469,270.0
92.6769790649414,67.0
123.93091583251953,123.0
260.820556640625,260.0
278.1352233886719,260.0
138.0672149658203,144.0
125.43643188476562,125.0
128.5947265625,133.0
123.89065551757812,123.0
131.7950439453125,140.0
75.77496337890625,81.0
248.08963012695312,245.0
136.1898956298828,135.0
114.79475402832031,128.0
137.63201904296875,132.0
72.19110870361328,79.0
127.13018798828125,139.0
117.8658218383789,122.0
106.0696792602539,83.0
109.36407470703125,98.0
79.1546859741211,61.0
287.4205322265625,286.0
79.54428100585938,78.0
126.97949981689453,127.0
61.77125930786133,59.0
111.60220336914062,117.0
97.27052307128906,102.0
112.13850402832031,129.0
128.43472290039062,130.0
257.65374755859375,263.0
95.2719497680664,104.0
231.4022674560547,242.0
218.71466064453125,244.0
256.2596740722656,251.0
110.71935272216797,105.0
289.3430480957031,285.0
262.009521484375,268.0
98.05485534667969,102.0
64.8870849609375,68.0
115.10224151611328,129.0
253.0457305908203,263.0
109.69219207763672,111.0
105.11298370361328,101.0
129.1416778564453,122.0
128.3248748779297,125.0
247.72900390625,269.0
128.59024047851562,135.0
140.4877471923828,139.0
87.46421813964844,89.0
127.43134307861328,131.0
86.30262756347656,142.0
107.99063873291016,100.0
129.80081176757812,127.0
126.75650024414062,124.0
133.0897216796875,130.0
132.4024200439453,135.0
63.72323989868164,67.0
108.47972869873047,116.0
74.69221496582031,69.0
125.38044738769531,117.0
69.82292175292969,77.0
126.24298858642578,128.0
126.23126983642578,129.0
124.32979583740234,130.0
123.78878784179688,118.0
116.82476043701172,110.0
254.7137908935547,266.0
128.4259490966797,122.0
98.13355255126953,107.0
133.4899139404297,142.0
88.8004379272461,100.0
123.55657196044922,120.0
84.08670043945312,77.0
70.17611694335938,81.0
116.407958984375,125.0
230.48960876464844,227.0
135.93991088867188,139.0
123.67720031738281,123.0
74.88581085205078,68.0
126.0548095703125,132.0
98.0745620727539,84.0
222.29791259765625,215.0
234.9879150390625,239.0
231.61129760742188,258.0
122.04789733886719,123.0
127.5372085571289,126.0
255.42239379882812,267.0
62.65119171142578,61.0
128.13829040527344,129.0
133.91770935058594,140.0
103.09078979492188,117.0
239.06947326660156,247.0
137.83755493164062,141.0
121.16613006591797,127.0
128.25611877441406,128.0
82.04583740234375,78.0
70.76516723632812,72.0
124.87226104736328,124.0
111.8420181274414,116.0
78.09671020507812,96.0
127.94330596923828,119.0
83.29206848144531,83.0
88.38268280029297,96.0
94.15442657470703,71.0
139.77891540527344,137.0
131.2506103515625,129.0
125.4571762084961,125.0
135.68280029296875,130.0
127.51282501220703,131.0
130.00656127929688,144.0
124.5174560546875,121.0
188.1524658203125,275.0
61.19562530517578,65.0
121.87772369384766,125.0
144.60719299316406,136.0
110.30097961425781,109.0
262.6461486816406,275.0
133.6837158203125,138.0
108.49744415283203,123.0
123.51461029052734,125.0
126.6678237915039,117.0
236.1785125732422,250.0
78.15184020996094,64.0
240.90505981445312,232.0
145.43276977539062,145.0
126.59617614746094,127.0
133.05357360839844,114.0
114.59432983398438,117.0
134.10768127441406,138.0
89.8635025024414,75.0
121.97886657714844,127.0
82.64729309082031,85.0
125.97089385986328,130.0
237.86749267578125,205.0
86.7201919555664,89.0
91.22447967529297,91.0
130.474609375,137.0
120.01920318603516,119.0
124.06147003173828,153.0
120.74740600585938,129.0
121.47925567626953,124.0
126.74259185791016,125.0
115.58097839355469,116.0
125.13933563232422,125.0
122.0540542602539,115.0
123.14642333984375,117.0
60.80793380737305,65.0
212.25680541992188,248.0
254.6375274658203,241.0
112.12157440185547,142.0
131.7052764892578,128.0
247.4736328125,254.0
235.70932006835938,231.0
128.52658081054688,130.0
89.7499771118164,89.0
123.86504364013672,126.0
110.24506378173828,114.0
126.71619415283203,128.0
131.75711059570312,129.0
96.56848907470703,111.0
130.3214569091797,142.0
70.85569763183594,46.0
108.37792205810547,103.0
71.74983978271484,69.0
129.68606567382812,133.0
128.35467529296875,137.0
108.33650970458984,110.0
125.08074188232422,129.0
248.48477172851562,257.0
98.48698425292969,84.0
114.32428741455078,114.0
81.72063446044922,84.0
129.19131469726562,138.0
133.03904724121094,131.0
124.7424087524414,120.0
138.64784240722656,146.0
254.38865661621094,245.0
92.88777160644531,119.0
132.33163452148438,140.0
93.33821105957031,96.0
65.38389587402344,46.0
131.04812622070312,123.0
111.30160522460938,99.0
136.75039672851562,127.0
112.69893646240234,116.0
128.3354034423828,131.0
82.64665985107422,92.0
121.17921447753906,116.0
129.2505340576172,125.0
105.53857421875,118.0
63.50965118408203,61.0
128.7788848876953,127.0
248.71463012695312,234.0
82.57164764404297,83.0
238.87271118164062,233.0
121.0168685913086,123.0
122.31121826171875,127.0
106.70965576171875,115.0
291.0323486328125,292.0
92.23970794677734,82.0
259.9919738769531,265.0
135.6728515625,134.0
134.53440856933594,136.0
122.2228775024414,125.0
127.39469909667969,126.0
128.24017333984375,124.0
293.21630859375,299.0
118.73495483398438,134.0
79.34785461425781,77.0
129.26939392089844,133.0
130.31556701660156,134.0
71.50763702392578,87.0
120.2209701538086,113.0
121.20772552490234,123.0
93.4861831665039,91.0
234.64300537109375,237.0
120.84418487548828,125.0
135.65830993652344,138.0
254.1027374267578,262.0
131.40225219726562,138.0
98.49940490722656,100.0
138.7668914794922,158.0
70.8511734008789,63.0
113.75414276123047,100.0
125.74869537353516,124.0
120.2453842163086,97.0
103.62805938720703,113.0
125.83583068847656,126.0
134.92581176757812,138.0
143.9425048828125,147.0
102.3999252319336,122.0
87.73240661621094,94.0
124.5885009765625,115.0
98.69007873535156,108.0
71.42472839355469,94.0
99.85272216796875,116.0
125.39759826660156,134.0
126.76704406738281,133.0
66.2831802368164,65.0
137.1143798828125,141.0
101.0512466430664,116.0
81.02345275878906,74.0
113.77735137939453,119.0
67.69384765625,61.0
125.36090087890625,125.0
118.64238739013672,124.0
143.89962768554688,165.0
131.39120483398438,140.0
118.29341888427734,112.0
121.56372833251953,127.0
132.0452117919922,135.0
124.57220458984375,122.0
123.9480972290039,124.0
129.5911407470703,129.0
116.92658233642578,119.0
131.4473419189453,134.0
65.18984985351562,63.0
67.62261962890625,72.0
63.900535583496094,60.0
51.57203674316406,73.0
123.13397979736328,117.0
131.5767822265625,133.0
104.37309265136719,107.0
125.28144073486328,136.0
121.5004653930664,168.0
126.88750457763672,126.0
131.47862243652344,137.0
125.45022583007812,126.0
229.7296142578125,231.0
136.16172790527344,157.0
136.01809692382812,141.0
98.98511505126953,93.0
130.30442810058594,120.0
124.54470825195312,125.0
123.30597686767578,124.0
93.8991928100586,86.0
98.85796356201172,97.0
120.89938354492188,135.0
112.56864166259766,116.0
125.92780303955078,105.0
69.34383392333984,52.0
126.9788589477539,121.0
226.98687744140625,218.0
59.21310043334961,61.0
127.3181381225586,136.0
117.89351654052734,115.0
111.01172637939453,122.0
132.611328125,134.0
121.13932800292969,131.0
130.93759155273438,132.0
95.80047607421875,86.0
125.97168731689453,127.0
87.50196075439453,102.0
87.84867095947266,73.0
225.50839233398438,195.0
61.89051055908203,60.0
119.42671203613281,116.0
136.92604064941406,149.0
63.60849380493164,65.0
126.3640365600586,137.0
116.8282241821289,116.0
230.22515869140625,243.0
123.25599670410156,123.0
128.4930877685547,131.0
85.15562438964844,69.0
109.72196960449219,107.0
134.53424072265625,125.0
122.71297454833984,122.0
123.20738983154297,124.0
267.9599609375,273.0
125.67903137207031,123.0
123.71765899658203,139.0
57.22602081298828,70.0
85.70903015136719,78.0
129.76876831054688,131.0
93.7669906616211,101.0
69.72490692138672,64.0
105.1055908203125,85.0
57.29014587402344,60.0
121.9308090209961,106.0
79.13390350341797,80.0
121.67607116699219,124.0
100.5224380493164,81.0
229.95506286621094,251.0
125.35238647460938,124.0
81.1194839477539,75.0
123.70277404785156,124.0
55.847076416015625,56.0
108.96333312988281,104.0
141.81005859375,133.0
124.9148178100586,128.0
119.28810119628906,112.0
125.05742645263672,121.0
118.91149139404297,124.0
123.77595520019531,122.0
92.94383239746094,93.0
141.3035430908203,140.0
125.77607727050781,130.0
86.30690002441406,90.0
249.44920349121094,265.0
101.60342407226562,111.0
117.84087371826172,113.0
127.72872924804688,137.0
121.3650131225586,127.0
102.62086486816406,97.0
99.83940124511719,113.0
121.51861572265625,99.0
88.27806091308594,82.0
132.7894287109375,139.0
116.10930633544922,116.0
128.86358642578125,136.0
132.76962280273438,153.0
135.5503692626953,138.0
134.2194366455078,133.0
111.05662536621094,110.0
117.00445556640625,113.0
105.20336151123047,99.0
64.5794906616211,69.0
148.0026092529297,156.0
126.92343139648438,127.0
133.43402099609375,133.0
114.13446807861328,114.0
103.26734161376953,118.0
119.66755676269531,121.0
74.2519302368164,67.0
119.52434539794922,127.0
86.28722381591797,82.0
94.92205047607422,103.0
83.43475341796875,70.0
252.23162841796875,243.0
131.78488159179688,132.0
134.82571411132812,130.0
266.8140869140625,270.0
124.51754760742188,126.0
129.29855346679688,135.0
136.92190551757812,146.0
121.20933532714844,121.0
88.18722534179688,89.0
163.71231079101562,152.0
120.1964111328125,121.0
82.47090148925781,85.0
244.80499267578125,234.0
134.82948303222656,143.0
127.82915496826172,127.0
123.01976013183594,128.0
112.79215240478516,99.0
119.74591064453125,113.0
128.4145965576172,127.0
124.92840576171875,130.0
120.47221374511719,120.0
127.4384765625,127.0
121.75678253173828,128.0
133.234375,136.0
136.8404541015625,143.0
125.3368148803711,127.0
123.85607147216797,127.0
115.56596374511719,112.0
266.02569580078125,278.0
134.83154296875,135.0
115.65385437011719,114.0
130.9857177734375,122.0
95.34806823730469,85.0
85.55939483642578,95.0
246.34542846679688,236.0
57.293888092041016,60.0
128.9022979736328,134.0
88.91798400878906,78.0
141.28292846679688,157.0
271.97601318359375,262.0
112.00984954833984,105.0
132.8066864013672,138.0
280.5906982421875,283.0
94.73728942871094,77.0
125.3178482055664,125.0
125.11207580566406,124.0
132.46507263183594,134.0
127.0553207397461,141.0
130.9346466064453,132.0
118.81441497802734,119.0
93.13848876953125,98.0
93.92320251464844,99.0
132.7895965576172,137.0
69.141357421875,52.0
128.933349609375,132.0
126.44292449951172,132.0
62.571693420410156,64.0
118.33812713623047,124.0
113.91556549072266,121.0
75.11742401123047,89.0
131.07553100585938,134.0
104.94287872314453,117.0
102.43504333496094,106.0
86.41629028320312,86.0
137.8232879638672,137.0
92.98816680908203,106.0
218.94119262695312,217.0
131.2294158935547,128.0
108.29592895507812,99.0
116.8078384399414,128.0
125.00264739990234,123.0
125.91510772705078,127.0
98.52175903320312,99.0
80.74541473388672,66.0
238.10479736328125,252.0
92.43128204345703,114.0
264.7500305175781,268.0
227.33111572265625,250.0
247.74179077148438,247.0
77.65189361572266,90.0
128.5894775390625,127.0
250.47975158691406,254.0
124.43617248535156,117.0
134.53030395507812,145.0
63.046016693115234,66.0
63.633148193359375,57.0
149.39553833007812,216.0
113.83739471435547,113.0
130.6347198486328,133.0
73.66841888427734,72.0
98.6972427368164,86.0
146.20680236816406,148.0
112.71062469482422,96.0
62.526084899902344,70.0
124.92947387695312,100.0
93.7088851928711,91.0
78.05421447753906,49.0
138.2229766845703,137.0
164.30264282226562,161.0
126.3310546875,131.0
128.77902221679688,130.0
142.36509704589844,141.0
128.8882293701172,131.0
129.05201721191406,116.0
255.35499572753906,269.0
135.38864135742188,136.0
66.75467681884766,62.0
248.59768676757812,255.0
127.09124755859375,130.0
128.7964324951172,137.0
118.47174835205078,128.0
131.97084045410156,139.0
256.3402404785156,269.0
251.96475219726562,266.0
138.25064086914062,135.0
123.25922393798828,121.0
121.21892547607422,132.0
96.51036834716797,114.0
263.3374328613281,252.0
119.42100524902344,105.0
132.37269592285156,138.0
125.7061996459961,131.0
112.79669189453125,108.0
110.7464599609375,114.0
128.9929962158203,127.0
126.49469757080078,139.0
86.42269897460938,142.0
140.31321716308594,147.0
120.5158920288086,122.0
121.48643493652344,119.0
103.16448211669922,100.0
115.52367401123047,114.0
241.05422973632812,242.0
137.09388732910156,139.0
124.38528442382812,133.0
124.59662628173828,123.0
98.59721374511719,111.0
117.88339233398438,128.0
94.82994842529297,72.0
130.3992462158203,133.0
112.34778594970703,84.0
102.48626708984375,125.0
127.87826538085938,132.0
248.4395294189453,226.0
140.32421875,145.0
127.32042694091797,124.0
82.59967803955078,82.0
126.42024993896484,126.0
258.15240478515625,271.0
137.83680725097656,154.0
104.03173828125,94.0
206.331787109375,285.0
115.3437271118164,132.0
126.77386474609375,110.0
244.56072998046875,265.0
100.97163391113281,107.0
127.58906555175781,131.0
63.5518798828125,60.0
90.5139389038086,80.0
120.72750854492188,139.0
105.44915771484375,107.0
144.84283447265625,153.0
252.52410888671875,250.0
127.59557342529297,123.0
60.41252899169922,94.0
82.57189178466797,57.0
77.35295867919922,53.0
144.4525146484375,142.0
86.79631042480469,70.0
136.79881286621094,138.0
128.8683319091797,130.0
107.76714324951172,103.0
122.31027221679688,130.0
135.1973114013672,120.0
83.05485534667969,84.0
128.04989624023438,126.0
263.404541015625,263.0
255.98257446289062,268.0
87.55917358398438,91.0
141.44235229492188,145.0
125.91700744628906,133.0
116.48880767822266,111.0
70.84555053710938,67.0
125.71736907958984,120.0
133.072265625,142.0
116.62440490722656,111.0
121.49129486083984,126.0
82.45829010009766,94.0
115.37323760986328,120.0
109.50049591064453,93.0
276.624267578125,263.0
64.77638244628906,60.0
136.90016174316406,140.0
122.19451904296875,132.0
130.5028839111328,118.0
132.74513244628906,134.0
124.5494613647461,128.0
102.91938781738281,106.0
127.32687377929688,127.0
123.57687377929688,123.0
84.7427978515625,75.0
119.1889419555664,122.0
115.80467987060547,111.0
252.73538208007812,261.0
239.5490264892578,277.0
260.181884765625,243.0
96.71392059326172,73.0
134.40293884277344,138.0
99.80789184570312,102.0
114.82465362548828,113.0
111.76652526855469,109.0
123.41352844238281,112.0
121.8606185913086,127.0
133.16831970214844,131.0
76.6189193725586,81.0
115.09534454345703,122.0
125.20855712890625,133.0
76.54112243652344,92.0
137.62315368652344,148.0
231.11666870117188,264.0
104.61847686767578,105.0
58.417518615722656,64.0
122.51583099365234,133.0
128.99595642089844,124.0
135.934814453125,138.0
65.25686645507812,62.0
78.54984283447266,86.0
73.76519012451172,63.0
266.0438537597656,266.0
59.80767059326172,62.0
122.96644592285156,128.0
88.02984619140625,81.0
83.39710998535156,93.0
121.66490936279297,124.0
120.03614044189453,128.0
82.95153045654297,88.0
122.01583862304688,126.0
268.18865966796875,273.0
95.41907501220703,89.0
80.51026916503906,87.0
54.85837936401367,71.0
104.63239288330078,91.0
78.9248275756836,67.0
79.25912475585938,62.0
143.2445526123047,165.0
109.39122009277344,111.0
112.11399841308594,107.0
135.92840576171875,142.0
86.86456298828125,96.0
222.62042236328125,223.0
266.2407531738281,251.0
127.93866729736328,137.0
74.5110092163086,90.0
214.44113159179688,184.0
94.64945983886719,103.0
84.3405990600586,87.0
123.66832733154297,122.0
129.7264404296875,127.0
131.1461944580078,128.0
124.06685638427734,118.0
135.93405151367188,121.0
140.921875,152.0
122.2277603149414,127.0
132.81231689453125,139.0
76.3323745727539,80.0
107.6176986694336,90.0
82.89029693603516,105.0
260.6084289550781,267.0
63.40981674194336,69.0
62.033870697021484,72.0
128.17259216308594,128.0
129.37782287597656,133.0
57.832096099853516,74.0
88.8028335571289,57.0
125.69532012939453,127.0
133.95999145507812,140.0
130.4385223388672,134.0
74.95795440673828,59.0
249.94921875,241.0
129.74473571777344,114.0
77.59176635742188,97.0
263.8967590332031,274.0
52.929779052734375,45.0
141.72023010253906,146.0
118.3565673828125,118.0
110.12165069580078,102.0
146.73098754882812,155.0
130.07923889160156,132.0
122.12650299072266,113.0
64.34114074707031,66.0
136.53346252441406,139.0
138.9976806640625,127.0
62.899417877197266,64.0
268.92120361328125,230.0
65.42346954345703,64.0
128.1024169921875,128.0
135.31105041503906,148.0
116.81007385253906,90.0
115.30208587646484,115.0
79.2462387084961,73.0
127.99471282958984,118.0
71.23231506347656,79.0
137.65147399902344,136.0
132.31393432617188,137.0
137.74658203125,149.0
81.80374145507812,112.0
98.89263916015625,116.0
124.9476318359375,123.0
129.32345581054688,135.0
103.01624298095703,109.0
129.6376953125,128.0
104.57404327392578,92.0
101.29479217529297,98.0
108.0870132446289,101.0
227.27674865722656,234.0
116.91349792480469,114.0
159.63629150390625,169.0
121.24751281738281,119.0
64.12260437011719,59.0
132.98519897460938,125.0
95.99436950683594,92.0
68.77886962890625,71.0
68.86237335205078,77.0
125.14374542236328,124.0
131.0964813232422,136.0
87.06553649902344,82.0
133.94284057617188,137.0
119.45394134521484,155.0
94.35370635986328,92.0
62.88233184814453,55.0
119.0799560546875,122.0
122.44981384277344,130.0
106.57643127441406,97.0
120.20146179199219,129.0
128.6290740966797,130.0
116.22881317138672,117.0
88.03916931152344,91.0
127.21885681152344,141.0
118.54938507080078,130.0
133.01025390625,142.0
75.18793487548828,79.0
253.24594116210938,257.0
111.57682037353516,107.0
260.0110778808594,296.0
128.18983459472656,128.0
123.9898910522461,127.0
137.59088134765625,139.0
79.49220275878906,78.0
87.03890991210938,67.0
72.3971939086914,74.0
135.2324676513672,138.0
152.21615600585938,152.0
126.581787109375,136.0
217.92889404296875,216.0
124.89408874511719,125.0
111.6648178100586,119.0
71.79448699951172,69.0
212.7830352783203,227.0
93.30857849121094,100.0
111.4941177368164,115.0
105.85677337646484,96.0
248.7794189453125,253.0
83.71593475341797,87.0
133.54322814941406,121.0
117.30081939697266,113.0
92.53876495361328,89.0
126.523193359375,127.0
142.33062744140625,146.0
285.1654357910156,281.0
63.684486389160156,72.0
116.68456268310547,130.0
255.76766967773438,257.0
131.46437072753906,139.0
99.71245574951172,124.0
109.25454711914062,96.0
109.48723602294922,108.0
124.01835632324219,121.0
128.2734832763672,126.0
98.675048828125,94.0
121.0546875,129.0
260.1138610839844,264.0
75.39779663085938,79.0
122.09721374511719,127.0
99.7536849975586,101.0
58.460166931152344,53.0
84.02459716796875,95.0
127.62255096435547,131.0
130.6194305419922,138.0
87.5359878540039,113.0
71.66779327392578,82.0
67.08588409423828,62.0
127.5877914428711,116.0
129.63113403320312,123.0
91.53917694091797,91.0
90.90019989013672,98.0
126.42186737060547,129.0
124.50243377685547,122.0
117.11995697021484,165.0
131.15066528320312,136.0
101.53511810302734,106.0
126.13914489746094,123.0
120.85478210449219,124.0
239.7985076904297,235.0
220.7963409423828,227.0
131.3175811767578,138.0
103.55058288574219,101.0
141.72674560546875,156.0
128.4875946044922,124.0
125.42088317871094,128.0
144.7921142578125,154.0
121.2705307006836,122.0
131.9307098388672,133.0
126.11446380615234,125.0
126.31493377685547,121.0
58.679649353027344,48.0
70.81209564208984,89.0
137.65928649902344,151.0
120.0570068359375,140.0
125.82186889648438,147.0
83.6987533569336,108.0
259.645751953125,260.0
128.8634033203125,132.0
81.77530670166016,76.0
149.66001892089844,157.0
85.21192169189453,66.0
127.75801849365234,132.0
127.0575180053711,120.0
63.69362258911133,60.0
133.73751831054688,130.0
105.84393310546875,111.0
57.361209869384766,58.0
124.38015747070312,127.0
262.4190368652344,262.0
69.49744415283203,62.0
134.35630798339844,149.0
128.52825927734375,121.0
109.33938598632812,117.0
111.86289978027344,135.0
107.62158203125,144.0
134.36105346679688,144.0
112.19197082519531,118.0
88.13636016845703,66.0
107.0678482055664,106.0
137.37521362304688,158.0
264.2344665527344,267.0
113.86592102050781,111.0
117.63025665283203,122.0
91.1540298461914,77.0
111.198486328125,117.0
134.30052185058594,128.0
295.2187805175781,291.0
124.47913360595703,113.0
104.09210968017578,107.0
124.1321029663086,128.0
50.56918716430664,46.0
129.428466796875,132.0
229.64369201660156,216.0
129.7151641845703,130.0
106.32145690917969,109.0
129.21380615234375,126.0
247.80429077148438,269.0
140.47740173339844,148.0
126.94637298583984,135.0
116.05864715576172,125.0
219.74652099609375,226.0
89.33283233642578,64.0
83.2154541015625,111.0
71.43367004394531,72.0
124.20789337158203,117.0
121.76686096191406,123.0
74.56193542480469,58.0
91.2933349609375,122.0
119.156494140625,124.0
124.13953399658203,131.0
76.99088287353516,68.0
132.64993286132812,134.0
100.60249328613281,120.0
67.12334442138672,71.0
218.3448486328125,292.0
112.68045043945312,112.0
82.30551147460938,90.0
99.44401550292969,112.0
68.08357238769531,67.0
109.76090240478516,81.0
134.7462158203125,138.0
100.42861938476562,107.0
273.3101806640625,261.0
135.5058135986328,131.0
125.65788269042969,121.0
102.23028564453125,137.0
49.51507568359375,51.0
52.77653121948242,58.0
135.43331909179688,144.0
128.27268981933594,128.0
67.33042907714844,69.0
262.9993591308594,244.0
109.99070739746094,107.0
68.43778228759766,86.0
127.14515686035156,137.0
255.6541290283203,228.0
125.67115020751953,122.0
134.2246551513672,139.0
125.08971405029297,127.0
91.97827911376953,92.0
219.94122314453125,222.0
74.33963775634766,68.0
124.47398376464844,128.0
135.36834716796875,138.0
137.74359130859375,140.0
134.93048095703125,142.0
109.05239868164062,108.0
91.59124755859375,77.0
48.958553314208984,58.0
70.1478042602539,74.0
241.1018829345703,252.0
109.69583129882812,112.0
68.15560913085938,75.0
125.19773864746094,129.0
275.5478820800781,253.0
123.11554718017578,132.0
133.33920288085938,132.0
135.79904174804688,132.0
127.24365997314453,131.0
135.23216247558594,134.0
91.7529296875,95.0
83.0112533569336,71.0
95.61237335205078,84.0
132.9336700439453,138.0
108.36215209960938,116.0
131.35272216796875,140.0
89.04310607910156,90.0
91.5250015258789,86.0
120.41522216796875,122.0
143.3167724609375,144.0
122.71424102783203,136.0
128.97091674804688,130.0
254.46836853027344,262.0
74.82958221435547,76.0
69.15415954589844,68.0
92.48919677734375,90.0
59.5423583984375,63.0
134.38929748535156,144.0
127.74848175048828,123.0
132.4908447265625,136.0
100.08995819091797,96.0
75.0429458618164,75.0
126.34857940673828,118.0
66.04910278320312,60.0
124.58008575439453,123.0
235.8684539794922,259.0
118.40747833251953,110.0
121.66526794433594,120.0
49.41646194458008,56.0
125.6556396484375,127.0
128.5400848388672,128.0
91.32300567626953,72.0
116.89732360839844,131.0
96.68573760986328,93.0
127.53630828857422,132.0
105.6279525756836,103.0
75.90436553955078,83.0
271.91619873046875,269.0
188.39108276367188,223.0
62.14013671875,62.0
132.32989501953125,139.0
110.95850372314453,85.0
100.31351470947266,98.0
138.85806274414062,131.0
127.58546447753906,137.0
115.48273468017578,145.0
195.08677673339844,288.0
248.03402709960938,250.0
90.65078735351562,80.0
130.74148559570312,139.0
85.36770629882812,94.0
133.92864990234375,139.0
226.13662719726562,255.0
154.7687530517578,147.0
80.59233856201172,78.0
121.08570098876953,125.0
299.2023010253906,289.0
98.0074234008789,151.0
65.22601318359375,89.0
89.21553039550781,76.0
55.87233352661133,62.0
95.94002532958984,59.0
119.84244537353516,120.0
56.025840759277344,56.0
126.0858383178711,130.0
71.83878326416016,80.0
123.43020629882812,125.0
106.258544921875,122.0
91.52099609375,100.0
247.78907775878906,241.0
83.53612518310547,66.0
260.38409423828125,255.0
137.4037322998047,134.0
125.76605224609375,123.0
123.43805694580078,122.0
134.7293701171875,136.0
117.93162536621094,122.0
137.7064208984375,144.0
108.88465118408203,107.0
124.72684478759766,124.0
61.966705322265625,71.0
103.67720031738281,119.0
77.70252990722656,72.0
246.90127563476562,251.0
116.86247253417969,122.0
75.00703430175781,80.0
124.4662094116211,121.0
149.99212646484375,147.0
121.5037612915039,120.0
120.74720001220703,122.0
133.12538146972656,133.0
126.72447967529297,133.0
127.08367919921875,132.0
85.88092803955078,79.0
140.0035400390625,166.0
226.19639587402344,227.0
65.82112884521484,61.0
125.75643920898438,116.0
116.42613983154297,106.0
80.92401885986328,84.0
125.9653091430664,129.0
136.3153076171875,117.0
126.15827178955078,131.0
75.79305267333984,93.0
130.6829376220703,135.0
132.99913024902344,139.0
146.87876892089844,167.0
73.43108367919922,82.0
137.26852416992188,140.0
76.62165832519531,67.0
117.89744567871094,121.0
103.05511474609375,109.0
106.33061218261719,102.0
128.88650512695312,133.0
118.40319061279297,108.0
101.34529876708984,111.0
134.58193969726562,137.0
112.69992065429688,105.0
120.86414337158203,121.0
129.99838256835938,124.0
117.85572052001953,117.0
120.07876586914062,122.0
123.0911865234375,133.0
137.76234436035156,144.0
125.27307891845703,125.0
135.33853149414062,126.0
135.74310302734375,136.0
139.97677612304688,148.0
137.34922790527344,140.0
247.72784423828125,239.0
109.10614776611328,110.0
129.10752868652344,129.0
68.61607360839844,61.0
128.6603240966797,125.0
120.5859603881836,113.0
121.82110595703125,123.0
76.40383911132812,51.0
129.5078887939453,139.0
126.10865783691406,129.0
136.8526611328125,141.0
131.27017211914062,131.0
253.47097778320312,251.0
63.516082763671875,62.0
132.80020141601562,131.0
267.6141662597656,266.0
237.1141357421875,242.0
103.02184295654297,98.0
104.24394226074219,117.0
120.61067199707031,94.0
85.92120361328125,97.0
124.9163589477539,122.0
83.09471893310547,82.0
74.39584350585938,77.0
78.74020385742188,85.0
116.39189910888672,123.0
110.84600830078125,117.0
127.24181365966797,134.0
72.03326416015625,73.0
135.09884643554688,120.0
93.04545593261719,108.0
128.1361083984375,134.0
133.40872192382812,139.0
225.50267028808594,223.0
84.7539291381836,85.0
132.16744995117188,138.0
124.44156646728516,122.0
142.4359130859375,145.0
124.24227905273438,134.0
92.24976348876953,75.0
117.22846221923828,120.0
100.88383483886719,101.0
130.48422241210938,111.0
224.73944091796875,228.0
113.8415756225586,107.0
128.4380645751953,141.0
132.24952697753906,141.0
135.85964965820312,135.0
127.22053527832031,140.0
107.07511138916016,95.0
92.14248657226562,92.0
83.23954772949219,69.0
72.75689697265625,43.0
250.6669921875,248.0
107.19535827636719,88.0
126.53678131103516,124.0
117.3320541381836,130.0
77.27992248535156,90.0
59.010009765625,63.0
129.86610412597656,135.0
230.170654296875,246.0
83.66951751708984,72.0
122.4909439086914,121.0
135.33941650390625,132.0
114.38241577148438,123.0
65.06883239746094,50.0
128.43212890625,127.0
126.61640930175781,136.0
86.88289642333984,72.0
83.4277114868164,81.0
127.61307525634766,109.0
129.781494140625,133.0
119.88545989990234,117.0
115.93729400634766,130.0
96.79354858398438,82.0
82.53665161132812,86.0
251.05258178710938,260.0
122.75654602050781,120.0
128.9752960205078,125.0
74.58509063720703,88.0
254.36007690429688,252.0
132.49148559570312,133.0
126.93268585205078,134.0
108.31110382080078,108.0
126.4932632446289,126.0
86.85577392578125,109.0
127.47592163085938,122.0
127.49482727050781,132.0
127.7712173461914,126.0
137.26153564453125,148.0
131.874755859375,137.0
77.88166046142578,92.0
140.84217834472656,139.0
141.3730926513672,145.0
115.86344909667969,111.0
191.97137451171875,215.0
116.52973937988281,127.0
77.77635192871094,85.0
225.26954650878906,223.0
132.33204650878906,130.0
120.60894012451172,117.0
183.18861389160156,162.0
108.91425323486328,94.0
118.6535873413086,122.0
119.17670440673828,126.0
132.01560974121094,120.0
59.68877029418945,68.0
120.01416778564453,119.0
127.8565444946289,135.0
126.39350128173828,128.0
244.01400756835938,241.0
109.3445053100586,116.0
115.7116470336914,117.0
122.23255157470703,130.0
227.56248474121094,228.0
89.27044677734375,88.0
136.1244354248047,133.0
84.2221908569336,81.0
66.28053283691406,58.0
121.17851257324219,121.0
127.55484008789062,129.0
128.59327697753906,136.0
104.71204376220703,110.0
124.4638671875,121.0
75.02918243408203,65.0
126.14429473876953,123.0
56.905052185058594,56.0
261.9699401855469,266.0
109.20765686035156,105.0
105.4837875366211,96.0
125.92548370361328,131.0
62.262977600097656,69.0
129.69065856933594,143.0
129.98056030273438,130.0
132.8591766357422,128.0
79.63988494873047,80.0
134.9559783935547,140.0
131.3234100341797,137.0
119.4037094116211,127.0
130.3338623046875,132.0
131.6359100341797,134.0
259.946533203125,268.0
76.5118408203125,75.0
123.23677062988281,131.0
112.27409362792969,132.0
88.93499755859375,90.0
261.1498718261719,256.0
132.09991455078125,136.0
89.1767578125,71.0
89.11605072021484,89.0
109.99115753173828,112.0
88.72440338134766,91.0
127.35797882080078,121.0
106.34420013427734,113.0
126.8216781616211,132.0
138.64894104003906,134.0
102.32723999023438,121.0
244.96482849121094,261.0
119.06494140625,114.0
270.80133056640625,259.0
93.31838989257812,72.0
274.55230712890625,271.0
123.6307373046875,113.0
99.34172821044922,105.0
119.64910888671875,117.0
227.73464965820312,229.0
118.48079681396484,121.0
135.13722229003906,142.0
132.9496307373047,139.0
264.3713684082031,225.0
124.46817779541016,124.0
104.31637573242188,110.0
136.53753662109375,147.0
85.91822814941406,74.0
145.70277404785156,148.0
140.510498046875,134.0
118.60293579101562,124.0
127.84696197509766,123.0
258.91717529296875,252.0
129.7080078125,127.0
84.33748626708984,86.0
68.00199127197266,70.0
119.6326904296875,131.0
109.8510513305664,96.0
103.5057144165039,87.0
209.59735107421875,208.0
92.93443298339844,100.0
93.05570983886719,72.0
98.86835479736328,107.0
74.65748596191406,74.0
111.50189971923828,97.0
277.381591796875,285.0
117.03005981445312,105.0
128.90513610839844,120.0
128.29261779785156,125.0
119.52278137207031,116.0
122.39009094238281,120.0
137.98411560058594,141.0
125.57747650146484,126.0
123.66187286376953,127.0
262.2913818359375,244.0
127.2787857055664,132.0
112.55064392089844,119.0
132.9308624267578,133.0
228.16383361816406,246.0
117.5926284790039,127.0
113.65241241455078,122.0
126.11656951904297,125.0
109.9503402709961,118.0
68.21562194824219,72.0
155.53904724121094,158.0
122.88526916503906,130.0
79.78771209716797,91.0
121.0645751953125,135.0
123.54064178466797,171.0
79.10369873046875,75.0
132.25308227539062,136.0
235.8391876220703,248.0
131.2467041015625,121.0
149.1410369873047,159.0
121.0897445678711,126.0
127.50462341308594,128.0
96.4215087890625,131.0
115.7388916015625,118.0
126.2791976928711,130.0
125.29210662841797,127.0
121.45004272460938,114.0
129.1732940673828,125.0
91.5985336303711,91.0
134.02743530273438,133.0
264.9148254394531,270.0
133.169921875,134.0
86.77558898925781,84.0
98.3253402709961,97.0
99.80992126464844,92.0
84.13404846191406,89.0
124.82221221923828,112.0
124.62555694580078,127.0
134.9962921142578,141.0
129.1912841796875,112.0
101.95125579833984,108.0
135.97137451171875,135.0
126.84555053710938,128.0
133.1725311279297,120.0
112.0962905883789,92.0
123.85665893554688,130.0
137.9342803955078,139.0
140.0146942138672,143.0
126.51798248291016,131.0
105.03016662597656,106.0
117.66848754882812,81.0
85.3256607055664,92.0
142.79078674316406,149.0
128.47425842285156,138.0
55.73752212524414,72.0
102.93828582763672,107.0
103.0447006225586,107.0
131.73895263671875,130.0
81.60316467285156,83.0
133.1934814453125,136.0
120.46488952636719,115.0
94.02753448486328,62.0
118.96446228027344,113.0
127.2934799194336,131.0
100.619873046875,96.0
117.66049194335938,120.0
131.11105346679688,134.0
258.5869140625,260.0
67.34366607666016,59.0
107.09466552734375,105.0
125.97319793701172,126.0
88.68782806396484,99.0
126.01904296875,125.0
124.52668762207031,123.0
92.09868621826172,93.0
123.00350189208984,113.0
111.33413696289062,114.0
127.63604736328125,131.0
79.77642059326172,55.0
128.75927734375,127.0
117.48880004882812,86.0
93.87910461425781,120.0
63.65933609008789,60.0
135.40391540527344,141.0
126.77455139160156,120.0
226.69871520996094,237.0
74.10191345214844,94.0
118.87913513183594,128.0
118.16178131103516,107.0
128.1627655029297,118.0
128.16197204589844,136.0
130.9941864013672,134.0
226.9413299560547,242.0
99.41812896728516,114.0
128.6890869140625,125.0
94.76404571533203,101.0
108.44920349121094,100.0
77.94145202636719,68.0
116.83982849121094,118.0
113.84884643554688,122.0
118.91331481933594,112.0
143.14173889160156,142.0
91.21360778808594,93.0
119.06195831298828,119.0
73.62227630615234,107.0
129.34695434570312,127.0
234.27401733398438,223.0
48.2841796875,60.0
133.75648498535156,131.0
122.7108383178711,127.0
78.98182678222656,66.0
131.86602783203125,132.0
104.9682846069336,64.0
54.78041458129883,48.0
135.8854522705078,132.0
121.74427032470703,122.0
244.1927947998047,251.0
92.38983154296875,90.0
112.17278289794922,120.0
68.40451049804688,70.0
122.20069122314453,122.0
288.75244140625,279.0
144.99942016601562,132.0
128.18154907226562,131.0
270.6238098144531,283.0
99.95443725585938,105.0
101.08521270751953,119.0
86.1877212524414,82.0
131.67709350585938,126.0
73.6229476928711,72.0
106.81695556640625,113.0
65.35867309570312,86.0
143.3882598876953,144.0
125.35861206054688,126.0
72.13368225097656,82.0
112.75096130371094,121.0
90.24766540527344,93.0
97.51815795898438,107.0
135.2176055908203,139.0
108.44446563720703,128.0
112.30011749267578,94.0
129.4515838623047,129.0
111.35892486572266,115.0
240.78396606445312,206.0
107.7901611328125,127.0
82.57994079589844,68.0
130.21482849121094,145.0
130.99838256835938,141.0
66.70249938964844,68.0
132.94239807128906,123.0
77.61682891845703,76.0
102.3338394165039,109.0
75.87419128417969,55.0
252.53794860839844,236.0
121.50609588623047,121.0
275.9272766113281,267.0
121.06005859375,129.0
105.9223861694336,102.0
128.23672485351562,137.0
132.68704223632812,125.0
124.06459045410156,159.0
99.87065124511719,78.0
116.96151733398438,131.0
93.3596420288086,86.0
97.57798767089844,81.0
127.11853790283203,134.0
118.36848449707031,126.0
94.38577270507812,90.0
137.24465942382812,138.0
128.21998596191406,123.0
119.85193634033203,119.0
125.94844055175781,128.0
123.58759307861328,124.0
119.60993957519531,115.0
112.91275787353516,95.0
90.46563720703125,94.0
125.57878875732422,146.0
139.5802764892578,124.0
100.34357452392578,106.0
91.63959503173828,102.0
131.27325439453125,134.0
141.84942626953125,145.0
129.5371551513672,133.0
63.39129638671875,49.0
123.97949981689453,116.0
86.71219635009766,92.0
84.9869384765625,106.0
128.21852111816406,133.0
110.06678771972656,116.0
67.06830596923828,64.0
134.979736328125,133.0
120.73050689697266,119.0
61.761905670166016,62.0
106.34977722167969,104.0
86.78030395507812,138.0
65.878173828125,69.0
70.35234069824219,75.0
130.2417449951172,130.0
83.11943054199219,154.0
128.0863800048828,134.0
134.73228454589844,137.0
114.52240753173828,111.0
94.21235656738281,91.0
113.0675048828125,117.0
122.98551940917969,122.0
130.4522247314453,137.0
84.82667541503906,91.0
86.63765716552734,82.0
104.79293823242188,94.0
123.45196533203125,124.0
127.40113830566406,131.0
133.39686584472656,138.0
124.88365936279297,129.0
206.7238311767578,174.0
217.4661865234375,220.0
94.83849334716797,91.0
138.49322509765625,143.0
66.45037841796875,60.0
97.27184295654297,100.0
135.3034210205078,135.0
79.27677154541016,70.0
117.30750274658203,130.0
132.61026000976562,134.0
136.64205932617188,128.0
129.60816955566406,135.0
129.04591369628906,125.0
109.79421997070312,107.0
109.27506256103516,117.0
67.97030639648438,61.0
123.61458587646484,122.0
123.9255599975586,122.0
126.17987823486328,128.0
255.35858154296875,267.0
121.34003448486328,117.0
143.29766845703125,153.0
126.11186981201172,129.0
95.1978530883789,93.0
121.7374496459961,132.0
139.51914978027344,147.0
70.34935760498047,71.0
116.2276611328125,122.0
79.54227447509766,78.0
127.52877044677734,129.0
127.38653564453125,128.0
128.82846069335938,119.0
105.3065185546875,95.0
84.82215881347656,77.0
129.13621520996094,127.0
84.15453338623047,92.0
119.26587677001953,128.0
76.56106567382812,62.0
136.01058959960938,165.0
142.19903564453125,147.0
60.154823303222656,60.0
122.3476333618164,122.0
106.07222747802734,118.0
118.54318237304688,125.0
123.54576873779297,133.0
75.41121673583984,71.0
122.06595611572266,127.0
91.25284576416016,85.0
88.16461181640625,83.0
118.85395050048828,152.0
130.01620483398438,135.0
239.00160217285156,209.0
98.86905670166016,91.0
130.3118438720703,125.0
119.6983871459961,139.0
82.448974609375,84.0
252.8002471923828,260.0
113.53254699707031,131.0
126.6102294921875,131.0
127.98974609375,133.0
128.8896942138672,129.0
91.51390838623047,103.0
118.25965881347656,134.0
115.49663543701172,134.0
97.29150390625,102.0
127.6255874633789,122.0
101.3671646118164,112.0
129.5640411376953,129.0
126.06958770751953,136.0
127.45602416992188,130.0
129.30587768554688,130.0
83.00568389892578,82.0
67.33647155761719,69.0
101.22161102294922,103.0
131.46493530273438,140.0
130.94140625,122.0
223.703857421875,232.0
125.66372680664062,147.0
131.6170196533203,146.0
63.380767822265625,65.0
136.3500518798828,129.0
109.78697204589844,95.0
124.73576354980469,122.0
228.65567016601562,234.0
63.39192581176758,66.0
109.38558959960938,118.0
112.52854919433594,121.0
93.50167083740234,79.0
231.8809051513672,246.0
154.9957275390625,153.0
122.67373657226562,122.0
126.67108917236328,126.0
86.28668975830078,109.0
115.99057006835938,123.0
129.794677734375,132.0
93.6332778930664,84.0
117.2705307006836,127.0
118.51103210449219,128.0
136.876953125,139.0
130.32196044921875,125.0
99.2213363647461,132.0
125.89994049072266,125.0
135.11669921875,135.0
63.26533889770508,62.0
116.66374206542969,110.0
124.96369171142578,122.0
88.78609466552734,130.0
253.78378295898438,254.0
125.01004791259766,124.0
128.07418823242188,125.0
130.72325134277344,125.0
223.25726318359375,129.0
82.14104461669922,103.0
125.64096069335938,126.0
129.77545166015625,128.0
121.23074340820312,122.0
146.59609985351562,150.0
70.82369232177734,91.0
151.37899780273438,159.0
265.18817138671875,266.0
128.88633728027344,133.0
92.24507141113281,77.0
128.1446075439453,133.0
129.5504150390625,131.0
130.86044311523438,138.0
118.87472534179688,119.0
127.73445892333984,127.0
270.0911865234375,277.0
139.640869140625,137.0
103.47689056396484,100.0
118.7038803100586,123.0
77.57415771484375,52.0
60.79783630371094,72.0
115.94194793701172,113.0
225.32904052734375,227.0
260.0028076171875,267.0
61.31658935546875,62.0
73.4910659790039,110.0
81.1091079711914,85.0
81.09444427490234,87.0
269.98834228515625,274.0
108.28065490722656,114.0
126.81340026855469,128.0
256.8921813964844,263.0
130.73910522460938,136.0
133.53858947753906,137.0
123.47743225097656,127.0
119.91490173339844,125.0
130.83290100097656,134.0
118.67349243164062,123.0
137.94276428222656,146.0
277.52362060546875,286.0
137.1493682861328,140.0
125.90010070800781,125.0
259.1637878417969,255.0
119.09017181396484,120.0
115.00540161132812,90.0
66.19551086425781,64.0
126.85814666748047,129.0
131.4583282470703,141.0
109.22331237792969,116.0
122.27444458007812,117.0
119.50910949707031,122.0
130.22036743164062,132.0
120.9769287109375,115.0
122.95468139648438,121.0
118.23604583740234,126.0
106.61773681640625,119.0
84.7693862915039,92.0
60.524574279785156,70.0
124.08184814453125,109.0
132.81454467773438,134.0
131.00698852539062,135.0
132.94793701171875,132.0
123.1627426147461,123.0
119.6236343383789,124.0
133.5026397705078,133.0
127.58979797363281,125.0
127.0057601928711,125.0
120.63700103759766,160.0
116.49866485595703,125.0
131.2552490234375,134.0
126.27349090576172,140.0
75.74244689941406,78.0
118.3709716796875,124.0
126.63201904296875,134.0
112.17278289794922,114.0
140.38807678222656,152.0
125.01525115966797,122.0
88.1943130493164,91.0
118.55440521240234,106.0
128.57005310058594,124.0
65.29791259765625,59.0
92.27176666259766,78.0
112.08228302001953,126.0
96.40678405761719,94.0
122.23213195800781,125.0
84.52226257324219,88.0
268.8154602050781,269.0
139.7860870361328,143.0
69.8801498413086,93.0
95.63057708740234,97.0
126.04750061035156,122.0
250.74118041992188,198.0
144.1090545654297,153.0
120.86891174316406,127.0
131.7466278076172,129.0
84.84873962402344,93.0
92.05520629882812,72.0
242.75648498535156,273.0
101.25462341308594,110.0
112.47217559814453,110.0
69.70317077636719,70.0
155.10833740234375,160.0
125.954345703125,128.0
97.34886932373047,102.0
228.10836791992188,247.0
79.10836029052734,88.0
104.40093231201172,107.0
122.85161590576172,118.0
239.76422119140625,236.0
133.30738830566406,135.0
124.96772766113281,111.0
134.29290771484375,144.0
72.61786651611328,62.0
137.0854949951172,119.0
115.66352844238281,123.0
102.35809326171875,109.0
119.12286376953125,120.0
254.89816284179688,255.0
134.5659637451172,136.0
84.7377700805664,69.0
255.25643920898438,270.0
125.27965545654297,133.0
128.08543395996094,113.0
128.3123779296875,137.0
72.90318298339844,135.0
122.03643798828125,117.0
87.03691864013672,103.0
126.11699676513672,117.0
113.05590057373047,112.0
128.71951293945312,136.0
118.32982635498047,134.0
120.56674194335938,115.0
105.7413101196289,110.0
103.74095916748047,119.0
60.943077087402344,67.0
272.9031982421875,271.0
116.66028594970703,113.0
135.93858337402344,142.0
250.98306274414062,252.0
127.27607727050781,123.0
132.13128662109375,134.0
128.3108673095703,128.0
137.981689453125,141.0
93.9427719116211,100.0
234.41006469726562,235.0
121.50447082519531,125.0
77.09449005126953,68.0
70.7529067993164,50.0
135.6868438720703,142.0
263.2361145019531,252.0
125.31369018554688,123.0
91.13701629638672,93.0
126.60621643066406,130.0
130.92250061035156,134.0
126.45822143554688,133.0
118.9143295288086,120.0
124.83988189697266,125.0
132.20849609375,130.0
114.40216827392578,112.0
63.991947174072266,58.0
125.03357696533203,126.0
134.427490234375,127.0
118.04167938232422,119.0
133.24884033203125,138.0
47.765296936035156,55.0
129.47608947753906,130.0
62.098876953125,74.0
133.04397583007812,124.0
138.91004943847656,129.0
83.33096313476562,81.0
129.5244598388672,134.0
128.8749542236328,131.0
76.49859619140625,89.0
78.92012786865234,80.0
111.36181640625,129.0
139.00650024414062,140.0
126.7188720703125,124.0
79.09097290039062,68.0
123.2237548828125,126.0
115.40335845947266,110.0
119.89059448242188,128.0
96.9206314086914,101.0
125.5771713256836,133.0
79.46182250976562,82.0
97.3594741821289,110.0
127.1725845336914,130.0
104.00013732910156,107.0
83.99173736572266,74.0
59.5233268737793,61.0
132.89639282226562,141.0
50.13573455810547,60.0
69.69155883789062,71.0
128.37071228027344,136.0
113.9946517944336,115.0
120.97399139404297,124.0
122.36592102050781,134.0
54.72467803955078,62.0
250.11256408691406,266.0
88.13674926757812,74.0
120.79386901855469,119.0
123.6011734008789,124.0
135.00535583496094,139.0
125.22740173339844,121.0
126.27635192871094,120.0
129.5248260498047,125.0
86.75736999511719,120.0
128.50210571289062,126.0
104.43679809570312,101.0
265.1527404785156,228.0
89.61801147460938,115.0
73.92174530029297,77.0
252.50257873535156,270.0
142.5850372314453,153.0
292.89990234375,268.0
126.73682403564453,134.0
243.82977294921875,252.0
94.26937866210938,98.0
114.06141662597656,119.0
130.4465789794922,133.0
102.26278686523438,114.0
126.58274841308594,125.0
117.35736846923828,121.0
130.28466796875,130.0
123.59955596923828,118.0
103.5512466430664,112.0
131.53347778320312,135.0
88.39491271972656,86.0
121.95466613769531,124.0
132.31297302246094,116.0
131.02960205078125,139.0
127.64138793945312,131.0
123.9296875,128.0
257.6267395019531,258.0
128.24942016601562,134.0
134.9898681640625,141.0
122.11357879638672,114.0
121.60262298583984,128.0
131.06260681152344,136.0
64.813720703125,59.0
65.28677368164062,73.0
113.24411010742188,114.0
112.92149353027344,114.0
99.07173156738281,100.0
93.12995910644531,90.0
126.4620590209961,125.0
124.08268737792969,139.0
72.6609115600586,43.0
85.28646087646484,91.0
117.40692901611328,112.0
118.31086730957031,124.0
72.9220962524414,91.0
230.92257690429688,225.0
118.1327896118164,122.0
258.52801513671875,253.0
135.38296508789062,139.0
109.9788589477539,91.0
130.57772827148438,131.0
131.42152404785156,139.0
113.20606994628906,112.0
130.93914794921875,133.0
95.36181640625,106.0
106.59815216064453,137.0
184.67848205566406,110.0
79.88204956054688,70.0
224.0833282470703,194.0
120.2139663696289,121.0
206.9174346923828,285.0
122.49938201904297,133.0
120.70724487304688,118.0
133.12384033203125,140.0
122.7770004272461,128.0
94.5080337524414,110.0
63.77556610107422,70.0
253.3055419921875,247.0
122.78704833984375,109.0
93.16434478759766,86.0
126.52469635009766,124.0
56.004066467285156,61.0
90.08599853515625,110.0
126.39820098876953,132.0
72.837646484375,52.0
126.47391510009766,133.0
81.68217468261719,75.0
90.80399322509766,91.0
127.05999755859375,131.0
137.4564971923828,135.0
63.59290313720703,51.0
105.3587875366211,100.0
87.77983093261719,181.0
93.13359069824219,95.0
131.48220825195312,137.0
128.1909637451172,129.0
132.60366821289062,135.0
81.17363739013672,80.0
129.96994018554688,128.0
103.12609100341797,113.0
77.88619995117188,80.0
137.0502471923828,139.0
122.15330505371094,126.0
267.26080322265625,266.0
249.76754760742188,243.0
93.62454223632812,100.0
132.1185760498047,129.0
120.41960906982422,119.0
123.21378326416016,172.0
88.15152740478516,70.0
136.62525939941406,130.0
127.03068542480469,130.0
84.26749420166016,91.0
134.295166015625,133.0
137.6853790283203,137.0
114.96436309814453,115.0
76.34297943115234,89.0
60.358585357666016,74.0
117.83767700195312,151.0
105.59709930419922,103.0
135.68141174316406,147.0
124.73571014404297,121.0
122.5156021118164,122.0
76.1925048828125,60.0
126.10091400146484,132.0
66.7953109741211,68.0
124.5707778930664,119.0
132.66543579101562,123.0
134.10601806640625,137.0
122.64962768554688,130.0
128.13462829589844,127.0
123.8528060913086,131.0
62.35518264770508,66.0
74.91291809082031,49.0
80.2088623046875,43.0
241.6138153076172,242.0
84.52051544189453,69.0
60.626136779785156,41.0
100.9527816772461,109.0
124.78109741210938,127.0
207.01681518554688,159.0
249.53549194335938,281.0
122.12030792236328,122.0
144.57418823242188,147.0
230.48916625976562,233.0
139.63905334472656,129.0
253.28521728515625,258.0
72.53484344482422,103.0
132.6449737548828,137.0
66.38988494873047,69.0
71.94559478759766,75.0
126.27652740478516,125.0
93.9233627319336,86.0
124.55162811279297,126.0
107.73340606689453,101.0
124.73416137695312,139.0
130.32601928710938,130.0
249.29736328125,270.0
128.3772735595703,133.0
128.98263549804688,126.0
128.91766357421875,136.0
105.11290740966797,106.0
145.54876708984375,146.0
103.1433334350586,85.0
126.6274185180664,128.0
135.447265625,134.0
96.58194732666016,86.0
132.45828247070312,133.0
84.48159790039062,88.0
127.7091293334961,124.0
218.03939819335938,248.0
67.88321685791016,57.0
85.95623016357422,89.0
114.75469207763672,113.0
236.6908721923828,244.0
121.91007232666016,122.0
127.13813781738281,131.0
126.67806243896484,134.0
229.50146484375,262.0
134.0847625732422,136.0
132.62503051757812,136.0
124.3594970703125,123.0
87.50560760498047,70.0
258.7881774902344,265.0
135.14889526367188,134.0
136.35289001464844,147.0
129.0399169921875,130.0
121.7916488647461,105.0
121.15637969970703,125.0
120.66791534423828,122.0
131.65985107421875,135.0
132.59030151367188,140.0
133.45362854003906,132.0
80.01520538330078,83.0
126.66288757324219,124.0
124.08930969238281,122.0
118.87200164794922,116.0
137.46958923339844,142.0
135.77352905273438,137.0
88.00981903076172,92.0
130.81619262695312,137.0
78.27661895751953,83.0
113.54855346679688,115.0
250.2406768798828,249.0
103.66376495361328,74.0
97.5528793334961,92.0
245.99766540527344,257.0
134.98341369628906,137.0
115.45250701904297,123.0
235.12353515625,220.0
73.82095336914062,54.0
119.1005630493164,126.0
112.09583282470703,126.0
63.38395309448242,60.0
126.55558776855469,130.0
103.03524017333984,105.0
125.15786743164062,122.0
140.7643585205078,144.0
231.09820556640625,223.0
129.16526794433594,133.0
123.17213439941406,132.0
123.21417999267578,123.0
141.56915283203125,142.0
135.9950408935547,132.0
128.34751892089844,139.0
115.38422393798828,121.0
111.63714599609375,118.0
48.564491271972656,55.0
113.2342758178711,122.0
71.52847290039062,79.0
91.82666778564453,101.0
127.64958190917969,124.0
66.21185302734375,70.0
237.90121459960938,230.0
125.963134765625,130.0
141.5525360107422,144.0
68.97837829589844,59.0
128.5242462158203,134.0
92.8491439819336,114.0
235.13075256347656,242.0
125.87570190429688,123.0
76.87451934814453,83.0
258.54998779296875,268.0
224.04263305664062,236.0
111.16138458251953,102.0
242.83399963378906,248.0
124.64642333984375,118.0
117.83370208740234,133.0
138.1089324951172,145.0
139.26617431640625,139.0
226.94810485839844,249.0
131.45407104492188,142.0
120.04814147949219,109.0
